{
    "input_folder": {
        "foreground_mean": {
            "Dice": 0.8248129893310882,
            "FN": 48648.67139479906,
            "FP": 51019.075650118204,
            "IoU": 0.7531914863644901,
            "TN": 1026453.2718676123,
            "TP": 411478.9810874704,
            "n_pred": 462498.05673758866,
            "n_ref": 460127.6524822695
        },
        "mean": {
            "1": {
                "Dice": 0.8686014030519921,
                "FN": 13705.27659574468,
                "FP": 18156.72340425532,
                "IoU": 0.7919614805244798,
                "TN": 1376115.914893617,
                "TP": 129622.08510638298,
                "n_pred": 147778.8085106383,
                "n_ref": 143327.36170212767
            },
            "2": {
                "Dice": 0.7206149500065581,
                "FN": 80146.67375886525,
                "FP": 22628.822695035462,
                "IoU": 0.6499834515226139,
                "TN": 1198693.425531915,
                "TP": 236131.0780141844,
                "n_pred": 258759.90070921986,
                "n_ref": 316277.75177304965
            },
            "3": {
                "Dice": 0.8852226149347144,
                "FN": 52094.063829787236,
                "FP": 112271.68085106384,
                "IoU": 0.8176295270463766,
                "TN": 504550.47517730494,
                "TP": 868683.780141844,
                "n_pred": 980955.4609929078,
                "n_ref": 920777.8439716313
            }
        }
    },
    "postprocessed": {
        "foreground_mean": {
            "Dice": 0.8253644583134596,
            "FN": 48649.84160756501,
            "FP": 50268.98581560284,
            "IoU": 0.753966558711827,
            "TN": 1027203.3617021277,
            "TP": 411477.8108747045,
            "n_pred": 461746.7966903073,
            "n_ref": 460127.6524822695
        },
        "mean": {
            "1": {
                "Dice": 0.8686014030519921,
                "FN": 13705.27659574468,
                "FP": 18156.72340425532,
                "IoU": 0.7919614805244798,
                "TN": 1376115.914893617,
                "TP": 129622.08510638298,
                "n_pred": 147778.8085106383,
                "n_ref": 143327.36170212767
            },
            "2": {
                "Dice": 0.7206149954765438,
                "FN": 80146.67375886525,
                "FP": 22628.787234042553,
                "IoU": 0.6499835347455236,
                "TN": 1198693.4609929079,
                "TP": 236131.0780141844,
                "n_pred": 258759.86524822694,
                "n_ref": 316277.75177304965
            },
            "3": {
                "Dice": 0.8868769764118432,
                "FN": 52097.574468085106,
                "FP": 110021.44680851063,
                "IoU": 0.8199546608654776,
                "TN": 506800.70921985817,
                "TP": 868680.2695035461,
                "n_pred": 978701.7163120568,
                "n_ref": 920777.8439716313
            }
        }
    },
    "postprocessing_fns": [
        "remove_all_but_largest_component_from_segmentation"
    ],
    "postprocessing_kwargs": [
        {
            "labels_or_regions": [
                1,
                2,
                3
            ]
        }
    ]
}