{
    "input_folder": {
        "foreground_mean": {
            "Dice": 0.8196834794476241,
            "FN": 50470.1560283688,
            "FP": 51406.553191489365,
            "IoU": 0.7468117349347628,
            "TN": 1026065.7943262411,
            "TP": 409657.49645390065,
            "n_pred": 461064.04964539007,
            "n_ref": 460127.6524822695
        },
        "mean": {
            "1": {
                "Dice": 0.8562603574548743,
                "FN": 16591.475177304965,
                "FP": 17279.91489361702,
                "IoU": 0.7773046258806844,
                "TN": 1376992.7234042552,
                "TP": 126735.8865248227,
                "n_pred": 144015.80141843972,
                "n_ref": 143327.36170212767
            },
            "2": {
                "Dice": 0.7184351278173968,
                "FN": 81434.91489361702,
                "FP": 24744.55319148936,
                "IoU": 0.6464857336525281,
                "TN": 1196577.695035461,
                "TP": 234842.83687943264,
                "n_pred": 259587.39007092197,
                "n_ref": 316277.75177304965
            },
            "3": {
                "Dice": 0.8843549530706013,
                "FN": 53384.0780141844,
                "FP": 112195.1914893617,
                "IoU": 0.816644845271076,
                "TN": 504626.9645390071,
                "TP": 867393.7659574468,
                "n_pred": 979588.9574468085,
                "n_ref": 920777.8439716313
            }
        }
    },
    "postprocessed": {
        "foreground_mean": {
            "Dice": 0.8199874419347934,
            "FN": 50477.18203309693,
            "FP": 51130.803782505915,
            "IoU": 0.7472228484246323,
            "TN": 1026341.5437352246,
            "TP": 409650.4704491726,
            "n_pred": 460781.2742316785,
            "n_ref": 460127.6524822695
        },
        "mean": {
            "1": {
                "Dice": 0.8566535013429495,
                "FN": 16596.617021276597,
                "FP": 17113.27659574468,
                "IoU": 0.7778205677108724,
                "TN": 1377159.3617021276,
                "TP": 126730.74468085106,
                "n_pred": 143844.02127659574,
                "n_ref": 143327.36170212767
            },
            "2": {
                "Dice": 0.7184351278173968,
                "FN": 81434.91489361702,
                "FP": 24744.517730496453,
                "IoU": 0.6464857336525281,
                "TN": 1196577.7304964538,
                "TP": 234842.83687943264,
                "n_pred": 259587.35460992908,
                "n_ref": 316277.75177304965
            },
            "3": {
                "Dice": 0.8848736966440341,
                "FN": 53400.014184397165,
                "FP": 111534.6170212766,
                "IoU": 0.8173622439104963,
                "TN": 505287.5390070922,
                "TP": 867377.8297872341,
                "n_pred": 978912.4468085107,
                "n_ref": 920777.8439716313
            }
        }
    },
    "postprocessing_fns": [
        "remove_all_but_largest_component_from_segmentation",
        "remove_all_but_largest_component_from_segmentation"
    ],
    "postprocessing_kwargs": [
        {
            "labels_or_regions": [
                1,
                2,
                3
            ]
        },
        {
            "labels_or_regions": 1
        }
    ]
}